{
  "lineLinks": [
    "توزيع المبيعات",
    "عربات مهجورة",
    "الإيرادات من خلال أجهزة القناة",
    "توقعات المبيعات"
  ],
  "list": [
    { "icon": "bi bi-check2", "title": "100٪ دفع آمن مضمون" },
    { "icon": "bi bi-check2", "title": "1٪ رسوم اضافية للجميع" },
    { "icon": "bi bi-check2", "title": "24/7" }
  ],
  "texts": {
    "text1": "من المفترض أن تكون لوحات المعلومات أدوات شخصية ليستمتع بها مديرو مواقع الويب والموردون ، وبالتالي فهي قابلة للتعديل إلى حد كبير.",
    "text2": "عندما يتعلق الأمر بإجراءات العميل ، يمكن لمسؤولي مواقع الويب اختيار أذونات كل مورد ، مما يسمح لهم بالحد من النشاط التجاري أو تمكينه حسب الحاجة."
  },
  "number": "42,500+"
}