{
  "lineLinks": [
    {"icon": "bi bi-check2", "title":"Broken omnichannel onboarding journeys causes high drop offs"},
    {"icon": "bi bi-check2", "title":"Inefficient funnels drive up the cost per borrower"},
    {"icon": "bi bi-check2", "title":"Longer loan processing times frustrate today’s digital-first customers"},
    {"icon": "bi bi-check2", "title":"Integrating with credit bureaus, KYC, and fraud services is slow, hindering innovation"},
    {"icon": "bi bi-check2", "title":"Manual processes and outdated tech drive up origination costs, straining margins"},
    {"icon": "bi bi-check2", "title":"Lack of digital self-service leads to excessive support queries, affecting customer experience"}
  ],
  "list": [
    { "icon": "bi bi-check2", "title": "Onboard with Ease, Convert More Borrowers"},
    { "icon": "bi bi-check2", "title": "Decisions in Minutes, Not Days" },
    { "icon": "bi bi-check2", "title": "Personalized Journeys, Higher Yields" },
    { "icon": "bi bi-check2", "title": "Configure Workflows in a Snap" },
    { "icon": "bi bi-check2", "title": "Pre-Integrated for Seamless Operations" },
    { "icon": "bi bi-check2", "title": "Risk-Based Pricing at Your Fingertips" },
    { "icon": "bi bi-check2", "title": "Scale Effortlessly with Cloud-Native Infrastructure" }
  ],
  "texts": {
    "text1": "Dashboards are meant to be personal tools for website managers and suppliers to enjoy, and are therefore largely modifiable.",
    "text2": "When it comes to customer actions, website administrators can choose the permissions of each supplier, allowing them to limit or empower commerce activity as needed."
  },
  "number": "42,500+"
}