[
  {
    "icon": "/assets/img/icons/serv_icons/1.png",
    "info": "حلول رقمية",
    "details": "إن الانغماس في تقنية النانو على طول ارتفاع المعلومات سوف يغلق الحلقة في التركيز فقط"
  },
  {
    "icon": "/assets/img/icons/serv_icons/3.png",
    "info": "تصميم فريد وخبرة برمجية",
    "details": "سيقدم خبراؤنا المتميزون الذين يتمتعون بسنوات عديدة من الخبرة في مجال الشهادات أفضل الحلول لعملك"
  },
  {
    "icon": "/assets/img/icons/serv_icons/5.png",
    "info": "خدمات سحابية",
    "details": "دعم العملاء هو دائمًا أولويتنا الأولى."
  }
]