[
  {
    "icon": "/assets/img/icons/serv_icons/1.png",
    "info": "IT Consultation",
    "details": "Nanotechnology immersion along the information high will close the loop on focusing solely"
  },
  {
    "icon": "/assets/img/icons/serv_icons/3.png",
    "info": "Software Design & Development",
    "details": "Our top-notch Experts with much years of experience certail will give best solutions for your business"
  },
  {
    "icon": "/assets/img/icons/serv_icons/5.png",
    "info": "Cloud Services",
    "details": "Customer support is always our number one priority."
  }
]