[
  {
    "image": "/assets/img/icons/features/1.png",
    "title": "ساعات العمل والعطلات",
    "descripition": "مثالي للشركات الموسمية أو التي تعمل بين ساعات محددة."
  },
  {
    "image": "/assets/img/icons/features/2.png",
    "title": " إدارة قسائم الشراء",
    "descripition": "قم بإعداد صفقات وعروض لا تقاوم باستخدام أكواد خصم مرنة."
  },
  {
    "image": "/assets/img/icons/features/3.png",
    "title": "استيراد المنتجات وتصديرها",
    "descripition": "استيراد المنتجات من وتصدير المنتجات إلى CSV من لوحة معلومات البائع."
  },
  {
    "image": "/assets/img/icons/features/4.png",
    "title": "نظام الاستعلام وتذاكر الدعم",
    "descripition": "يساعد التفاعل مع البائعين المشترين على اتخاذ قرارات شراء أفضل."
  },
  {
    "image": "/assets/img/icons/features/5.png",
    "title": "اشتراك العضوية",
    "descripition": "عرض خطط عضوية للبائعين ، مجانية ومدفوعة. قبول الرسوم المتكررة."
  },
  {
    "image": "/assets/img/icons/features/6.png",
    "title": "ملصقات الشحن والفواتير",
    "descripition": "أصبح تلبية الطلبات أمرًا سهلاً مع فواتير المتجر وملصقات الشحن."
  },
  {
    "image": "/assets/img/icons/features/7.png",
    "title": " موقع جيو وبحث نصف القطر",
    "descripition": "السماح بالبحث عن المنتجات أو الخدمات بالقرب من الموقع الحالي للمستخدم."
  },
  {
    "image": "/assets/img/icons/features/8.png",
    "title": "الشحن والتسليم",
    "descripition": "مشاركة تتبع عمليات التسليم ، وإخطار عندما تتغير حالة الشحن."
  }
]