{
  "services": [
    { "link": "  ", "title": "Credit Unions" },
    { "link": "  ", "title": "Mid-Tier Banks" },
    { "link": "  ", "title": "Fintech Lenders" },
    { "link": "  ", "title": "Auto Lenders" }
  ],
  "resources": [
    { "link": "  ", "title": "White Paper" },
    { "link": "  ", "title": "News Paper" },
    { "link": "  ", "title": "Blogs" }
  ],
  "company":[
    { "link": "  ", "title": "About Us" },
    { "link": "  ", "title": "Our Team" },
    { "link": "  ", "title": "Careers" },
    { "link": "  ", "title": "Contact Us" }
  ],
  "address":[
    {"ads": "Abc Complex, Tower A, Whitefield, Bangalore", "icon": "bi bi-geo-alt-fill"},
  {"ads": "+91-90000 22211", "icon": "bi bi-telephone-fill"},
  {"ads": "algebrikal.@gmail.com", "icon": "bi bi-envelope"}
  ],
  "usefulLink":[
    {
      "img": "/assets/img/algebrik/pay5.svg.svg",
      "title": "Send & Receive Money"
    },
    {
      "img": "/assets/img/algebrik/pay2.svg.svg",
      "title": "Shop & Buy From Anywhere"
    },
    {
      "img": "/assets/img/algebrik/pay3.svg.svg",
      "title": "Deposite Your Money"
    },
    {
      "img": "/assets/img/algebrik/pay4.svg.svg",
      "title": "Control With Mobile App"
    }
  ]
  
  

}
