[
  {
    "title": "أساسي",
    "price": {
      "monthly": "مجانى",
      "yearly": "مجانى"
    },
    "short_description": "مجانى للابد.!",
    "description": "بطاقة الإئتمان غير مطالب بها.",
    "features": [
      {
        "title": "مشاريع غير محدودة",
        "checked": true
      },
      {
        "title": " دعم مدى الحياة واستشارة خبراء تحسين محركات البحث",
        "checked": true
      },
      {
        "title": "لوحة تحكم متقدمة",
        "checked": true
      },
      {
        "title": "أمن البيانات والنسخ الاحتياطي",
        "content": "200 GB"
      },
      {
        "title": "الاستضافة السحابية والمجال",
        "checked": false
      },
      {
        "title": "تحليل جوجل مجاني",
        "content": "$5/سنويا"
      },
      {
        "title": "دعم السوق متعدد البائعين",
        "checked": false
      },
      {
        "title": "تطبيق البائع",
        "checked": false
      },
      {
        "title": "ترقية تلقائية مدى الحياة ",
        "checked": false
      },
      {
        "title": "Free SSL Certificate",
        "checked": false
      }
    ]
  },
  {
    "title": "الممتازة",
    "price": {
      "monthly": "$49",
      "yearly": "$49"
    },
    "short_description": "مجانى للابد.!",
    "description": "بطاقة الإئتمان غير مطالب بها.",
    "bestChoice": true,
    "features": [
      {
        "title": "مشاريع غير محدودة",
        "checked": true
      },
      {
        "title": " دعم مدى الحياة واستشارة خبراء تحسين محركات البحث",
        "checked": true
      },
      {
        "title": "لوحة تحكم متقدمة",
        "checked": true
      },
      {
        "title": "أمن البيانات والنسخ الاحتياطي",
        "content": "1 TB"
      },
      {
        "title": "الاستضافة السحابية والمجال",
        "checked": false
      },
      {
        "title": "تحليل جوجل مجاني",
        "checked": true
      },
      {
        "title": "دعم السوق متعدد البائعين",
        "checked": false
      },
      {
        "title": "تطبيق البائع",
        "checked": true
      },
      {
        "title": "ترقية تلقائية مدى الحياة ",
        "checked": true
      },
      {
        "title": "Free SSL Certificate",
        "checked": false
      }
    ]
  },
  {
    "title": "الخاصة",
    "price": {
      "monthly": "$99",
      "yearly": "$99"
    },
    "short_description": "مجانى للابد.!",
    "description": "بطاقة الإئتمان غير مطالب بها.",
    "features": [
      {
        "title": "مشاريع غير محدودة",
        "checked": true
      },
      {
        "title": " دعم مدى الحياة واستشارة خبراء تحسين محركات البحث",
        "checked": true
      },
      {
        "title": "لوحة تحكم متقدمة",
        "checked": true
      },
      {
        "title": "أمن البيانات والنسخ الاحتياطي",
        "content": "غير محدود"
      },
      {
        "title": "الاستضافة السحابية والمجال",
        "checked": true
      },
      {
        "title": "تحليل جوجل مجاني",
        "content": true
      },
      {
        "title": "دعم السوق متعدد البائعين",
        "checked": true
      },
      {
        "title": "تطبيق البائع",
        "checked": true
      },
      {
        "title": "ترقية تلقائية مدى الحياة ",
        "checked": true
      },
      {
        "title": "Free SSL Certificate",
        "checked": true
      }
    ]
  }
]