[
  {
    "img": "/assets/img/icons/serv_icons/16.png",
    "info": "استراتيجية المحتوى",
    "text": "يمكنك تقديم الإجابات التي يحاول عملاؤك المحتملون تقديمها وتقديم اجابات لها"
  },
  {
    "img": "/assets/img/icons/serv_icons/15.png",
    "info": "اعلانات جوجل وفيسبوك",
    "text": "احصل على المزيد من المشاهدات على الويب والمزيد من العملاء والمزيد من الظهور عبر الإنترنت باستخدام خدمات قوية لتحسين محركات البحث."
  },
  {
    "img": "/assets/img/icons/serv_icons/14.png",
    "info": "التسويق عبر البريد الإلكتروني",
    "text": "يجب أن يبهر موقع الويب الخاص بك زوار موقعك في غضون ثوانٍ قليلة"
  },
  {
    "img": "/assets/img/icons/serv_icons/17.png",
    "info": "وسائل التواصل الاجتماعي",
    "text": "احصل على المزيد من المشاهدات على الموقع ، والمزيد من العملاء لقناتك الاجتماعية"
  },
  {
    "img": "/assets/img/icons/serv_icons/18.png",
    "info": "تصميم وتطوير الموقع",
    "text": "يجب أن يبهر موقع الويب الخاص بك زوار موقعك في غضون ثوانٍ قليلة. إذا كان يعمل ببطء ، إذا شعرت أنه قديم"
  },
  {
    "img": "/assets/img/icons/serv_icons/19.png",
    "info": "انواع مختلفه للتسويق الالكترونى",
    "text": "تحسين موقع الويب الخاص بك على نتائج جوجل باستخدام PPC للتسويق الألكترونى"
  },
  {
    "img": "/assets/img/icons/serv_icons/20.png",
    "info": "اعلانات القدرة الشرائيه",
    "text": "تحسين موقع الويب الخاص بك على نتائج جوجل باستخدام PPC للتسويق الألكترونى"
  }
]