[
  {
   "img": "/assets/img/algebrik/loan-1.svg",
   "info": "Credit Unions",
   "text": "Solve Member Drop-Off in Onboarding using Seamless Digital Journeys Boost conversion rates by streamlining digital onboarding and automating loan approvals.",
   "link": "Read more"
  },
  {
    "img": "/assets/img/algebrik/loan-2.svg",
    "info": "Mid-Tier Banks",
    "text": "Solve Slow Product Launches Using Configurable Workflows Launch new loan products quickly and scale operations with flexible, no-code workflows.",
    "link": "Read more"
   },
   {
    "img": "/assets/img/algebrik/loan-3.svg",
    "info": "Fintech Lenders",
    "text": "Solve High Default Rates Using AI-Driven Underwriting Reduce borrower risk and defaults with AI-powered, data-driven loan decisioning.",
    "link": "Read more"
   },
   {
    "img": "/assets/img/algebrik/loan-4.svg",
    "info": "Auto Lenders",
    "text": "Solve Long Approval Times Using Instant Credit Checks Speed up auto loan approvals and provide personalized financing offers instantly.",
    "link": "Read more"
   }
       
]