[
  {
   "img": "/assets/img/algebrik/customer-loyality.svg",
   "info": "Security",
   "text": "Built with SOC 2 compliance, ensuring data protection and regulatory adherence. "
  },
  {
    "img": "/assets/img/algebrik/customer-loyality.svg",
    "info": "Customizability",
    "text": "Fully configurable workflows tailored to your specific business needs."
   },
   {
    "img": "/assets/img/algebrik/customer-loyality.svg",
    "info": "Scalability",
    "text": "Effortlessly scale your operations with elastic cloud-native infrastructure."
   },
   {
    "img": "/assets/img/algebrik/customer-loyality.svg",
    "info": "Performance",
    "text": "High-speed processing and fast response times for smoother loan operations."
   }
       
]