[
  {
    "picture": "/assets/img/team/1.jpeg",
    "name": "مايكل إدواردز",
    "position": "مؤسس . الرئيس التنفيذي"
  },
  {
    "picture": "/assets/img/team/5.jpeg",
    "name": "بوبي كين",
    "position": "CTO"
  },
  {
    "picture": "/assets/img/team/3.jpeg",
    "name": "روبرت داوني",
    "position": "مدير المشروع"
  },
  {
    "picture": "/assets/img/team/4.jpeg",
    "name": "أندرو روبرتسون",
    "position": "قائد تسويق"
  }
]