[
  {
    "stars": 5,
    "comment": "“أفضل لوحة تحكم لمتجرك ، woo أو shopify. قوية ومرنة للغاية. مُستَحسَن!”",
    "author": {
      "image": "/assets/img/team/1.jpeg",
      "name": "توماس اريستين",
      "position": "مدير مبيعات في Amazon Retail"
    }
  },
  {
    "stars": 5,
    "comment": "“تقدم Iteck الكثير من الميزات للمساعدة في زيادة CRO بشكل مذهل.”",
    "author": {
      "image": "/assets/img/team/2.jpeg",
      "name": "كارلوس مارتينيلي",
      "position": "مدير مبيعات بشركة اى باي"
    }
  },
  {
    "stars": 5,
    "comment": "“شكرا جزيلا لدعم فريق Iteck. سريع ومهني وودود للغاية. هذا المنتج يتم تحديثه وتحسينه كل يوم.”",
    "author": {
      "image": "/assets/img/team/3.jpeg",
      "name": "إدوارد ميندي",
      "position": "مدير مبيعات"
    }
  },
  {
    "stars": 5,
    "comment": "“10/10 لجميع ما يتعلق بلوحة معلومات Iteck E-Com. إنه مثالي للغاية!”",
    "author": {
      "image": "/assets/img/team/4.jpeg",
      "name": "لوكاس ديني",
      "position": "بيع إدارة المنتجات في فليبكارت"
    }
  }
]